출항일,대인,중고,경로,소아,편승,합계,유아,임시
2021.9.30,249,5,21,12,8,295,0,0
2021.10.1,625,10,15,35,33,718,1,0
2021.10.2,150,1,16,14,20,201,1,0
2021.10.3,158,1,4,2,16,181,0,0
2021.10.4,382,1,30,8,18,439,1,0
2021.10.5,470,0,47,1,21,539,0,0
2021.10.6,319,1,11,6,17,354,0,0
2021.10.7,316,0,21,9,24,370,2,0
2021.10.8,864,10,44,38,17,973,2,0
2021.10.9,276,10,16,7,17,326,0,0
2021.10.10,398,1,33,30,19,481,1,0
2021.10.11,598,4,20,17,16,655,0,0
2021.10.12,478,1,56,10,26,571,0,0
2021.10.13,271,1,36,2,18,328,1,0
2021.10.14,309,2,22,4,17,354,0,0
2021.10.15,771,4,48,16,12,851,1,0
2021.10.16,270,2,23,5,22,322,0,0
2021.10.17,380,3,30,6,12,431,0,0
2021.10.18,370,2,58,11,19,460,0,0
2021.10.19,0,0,0,0,0,0,0,0
2021.10.20,552,2,70,8,14,646,1,0
2021.10.21,747,0,63,18,16,844,1,0
2021.10.22,806,5,24,18,15,868,0,0
2021.10.23,315,4,15,5,80,419,1,0
2021.10.24,443,8,47,16,19,533,3,0
2021.10.25,454,0,40,8,19,521,0,0
2021.10.26,434,1,20,1,52,508,0,0
2021.10.27,400,3,36,4,36,479,0,0
2021.10.28,517,1,47,6,10,581,0,0
2021.10.29,804,5,59,14,15,897,1,0
2021.10.30,255,4,33,8,12,312,0,0
2021.10.31,396,1,27,12,11,447,1,0
2021.11.1,492,1,52,8,13,566,0,0
2021.11.2,401,2,32,9,20,464,1,0
2021.11.3,355,1,27,8,9,400,0,0
2021.11.4,638,10,44,13,12,717,0,0
2021.11.5,984,7,51,13,35,"1,090",2,0
2021.11.6,265,7,32,13,13,330,0,0
2021.11.7,576,2,22,10,13,623,0,0
2021.11.8,0,0,0,0,0,0,0,0
2021.11.9,594,1,26,3,10,634,1,0
2021.11.10,0,0,0,0,0,0,0,0
2021.11.11,936,6,53,13,14,"1,022",0,0
2021.11.12,"1,100",3,39,17,22,"1,181",1,0
2021.11.13,347,6,18,17,9,397,1,0
2021.11.14,624,36,38,10,14,722,1,0
2021.11.15,-1,0,0,0,0,-1,0,0
2021.11.16,641,2,52,8,12,715,0,0
2021.11.17,368,0,25,8,14,415,1,0
2021.11.18,445,0,31,8,14,498,2,0
2021.11.19,628,3,19,14,0,664,0,0
2021.11.20,970,6,22,13,20,"1,031",0,0
2021.11.21,864,3,32,21,25,945,0,0
2021.11.23,0,0,0,0,0,0,0,0
2021.11.24,0,0,0,0,0,0,0,0
2021.11.25,692,4,36,12,11,755,0,0
2021.11.26,654,1,40,6,15,716,0,0
2021.11.27,"1,128",3,28,13,13,"1,185",1,0
2021.11.28,262,1,16,7,14,300,1,0
2021.11.29,582,3,15,14,14,628,1,0
2021.11.30,668,26,27,10,12,743,2,0
2021.12.1,0,0,0,0,0,0,0,0
2021.12.2,347,1,12,4,13,377,1,0
2021.12.3,742,5,14,9,17,787,4,0
2021.12.4,658,1,20,7,19,705,0,0
2021.12.5,285,0,9,6,21,321,1,0
2021.12.6,499,4,12,4,11,530,0,0
2021.12.7,451,0,17,4,10,482,0,0
2021.12.8,400,1,17,0,8,426,0,0
2021.12.9,415,0,16,7,13,451,1,0
2021.12.10,436,0,14,6,14,470,0,0
2021.12.11,483,0,23,4,9,519,0,0
2021.12.12,312,10,9,3,11,345,0,0
2021.12.13,407,2,9,1,11,430,0,0
2021.12.14,0,0,0,0,0,0,0,0
2021.12.15,500,1,14,10,19,544,0,0
2021.12.16,421,1,14,5,14,455,2,0
2021.12.17,361,0,8,1,15,385,1,0
2021.12.18,0,0,0,0,0,0,0,0
2021.12.19,230,4,10,9,10,263,0,0
2021.12.20,382,4,10,6,11,413,2,0
2021.12.21,373,0,17,4,9,403,1,0
2021.12.22,226,0,11,7,10,254,1,0
2021.12.23,213,2,13,4,12,244,0,0
2021.12.24,242,4,18,12,9,285,2,0
2021.12.25,0,0,0,0,0,0,0,0
2021.12.26,0,0,0,0,0,0,0,0
2021.12.27,246,10,12,5,12,285,1,0
2021.12.28,353,7,9,8,8,385,0,0
2021.12.29,249,8,20,9,7,293,0,0
2021.12.30,301,5,11,9,12,338,0,0
2021.12.31,0,0,0,0,0,0,0,0
2022.1.1,"1,066",6,12,26,12,"1,122",2,0
2022.1.2,154,2,7,11,26,200,0,0
2022.1.3,271,2,10,11,16,310,2,0
2022.1.4,281,4,13,6,10,314,0,0
2022.1.5,167,1,11,6,10,195,0,0
2022.1.6,282,6,9,8,10,315,2,0
2022.1.7,300,2,10,12,33,357,0,0
2022.1.8,451,5,24,15,55,550,1,0
2022.1.9,232,9,19,4,9,273,0,0
2022.1.10,400,3,12,14,8,437,1,0
2022.1.11,0,0,0,0,0,0,0,0
2022.1.12,0,0,0,0,0,0,0,0
2022.1.13,400,6,18,11,11,446,1,0
2022.1.14,0,0,0,0,0,0,0,0
2022.1.15,565,13,21,28,12,639,0,0
2022.1.16,248,9,21,17,10,305,1,0
2022.1.17,356,2,10,5,11,384,0,0
2022.1.18,299,9,20,8,9,345,0,0
2022.1.19,249,7,15,13,10,294,1,0
2022.1.20,0,0,0,0,0,0,0,0
2022.1.21,419,7,15,7,11,459,1,0
2022.1.22,501,10,21,20,44,596,0,0
2022.1.23,221,10,15,10,19,275,1,0
2022.1.24,254,3,8,3,16,284,0,0
2022.1.25,260,5,8,2,29,304,0,0
2022.1.26,225,6,8,3,10,252,1,0
2022.1.27,190,3,13,5,13,224,1,0
2022.1.28,237,2,9,15,11,274,2,0
2022.1.29,654,24,22,37,16,753,2,0
2022.1.30,584,14,12,12,26,648,2,0
2022.1.31,274,11,6,6,14,311,0,0
2022.2.1,164,3,3,6,15,191,0,0
2022.2.2,297,3,4,14,21,339,0,0
2022.2.3,546,7,16,24,13,606,0,0
2022.2.4,0,0,0,0,0,0,0,0
2022.2.5,506,5,36,18,13,578,0,0
2022.2.6,275,3,19,9,13,319,0,0
2022.2.7,528,3,21,6,18,576,1,0
2022.2.8,411,4,23,7,13,458,1,0
2022.2.9,245,2,27,8,15,297,0,0
2022.2.10,321,1,20,10,23,375,1,0
2022.2.11,494,3,16,0,17,530,0,0
2022.2.12,481,2,7,5,20,515,2,0
2022.2.13,177,3,8,7,15,210,2,0
2022.2.14,347,10,12,12,15,396,1,0
2022.2.15,345,4,11,13,13,386,0,0
2022.2.16,0,0,0,0,0,0,0,0
2022.2.17,0,0,0,0,0,0,0,0
2022.2.18,0,0,0,0,0,0,0,0
2022.2.19,709,4,23,23,40,799,4,0
2022.2.20,0,0,0,0,0,0,0,0
2022.2.21,346,8,6,7,1,368,0,0
2022.2.22,328,1,15,4,19,367,0,0
2022.2.23,260,10,11,12,12,305,0,0
2022.2.24,394,7,25,19,15,460,1,0
2022.2.25,362,3,28,9,12,414,0,0
2022.2.26,833,12,37,19,25,926,0,0
2022.2.27,403,2,23,8,14,450,1,0
2022.2.28,458,10,12,16,13,509,0,0
2022.3.1,432,3,18,23,16,492,3,0
2022.3.2,336,3,4,2,30,375,0,0
2022.3.3,271,1,21,3,21,317,1,0
2022.3.4,275,0,19,7,18,319,1,0
2022.3.5,0,0,0,0,0,0,0,0
2022.3.6,0,0,0,0,0,0,0,0
2022.3.7,553,1,25,8,18,605,0,0
2022.3.8,0,0,0,0,0,0,0,0
2022.3.9,0,0,0,0,0,0,0,0
2022.3.10,353,1,19,3,26,402,0,0
2022.3.11,0,0,0,0,0,0,0,0
2022.3.12,471,7,14,6,47,545,1,0
2022.3.13,0,0,0,0,0,0,0,0
2022.3.25,"1,097",6,66,9,59,"1,237",0,0
2022.3.27,2,0,0,0,0,2,0,0
2022.3.28,680,5,29,9,21,744,0,0
2022.3.29,680,0,37,9,25,751,1,0
2022.3.30,287,0,19,4,16,326,0,0
2022.3.31,860,2,41,6,28,937,3,0
2022.4.1,766,4,44,13,17,844,0,0
2022.4.2,193,1,22,0,14,230,0,0
2022.4.3,396,0,16,13,57,482,1,0
2022.4.4,418,1,28,5,11,463,0,0
2022.4.5,501,1,12,6,25,545,0,0
2022.4.6,390,2,37,4,10,443,1,0
2022.4.7,592,0,51,11,32,686,1,0
2022.4.8,872,18,115,14,18,"1,037",0,0
2022.4.9,238,0,12,10,13,273,0,0
2022.4.10,498,3,26,8,17,552,1,0
2022.4.11,607,1,36,5,20,669,0,0
2022.4.12,304,3,20,3,14,344,0,0
2022.4.13,705,1,21,4,33,764,2,0
2022.4.14,818,3,118,11,23,973,1,0
2022.4.15,970,4,114,15,35,"1,138",0,0
2022.4.16,640,4,28,13,16,701,0,0
2022.4.17,642,0,48,18,22,730,0,0
2022.4.18,699,3,35,5,19,761,0,0
2022.4.19,472,0,32,3,10,517,0,0
2022.4.20,503,1,26,0,20,550,0,0
2022.4.21,686,1,113,15,22,837,1,0
2022.4.22,"1,058",1,86,7,43,"1,195",0,0
2022.4.23,637,3,20,18,16,694,0,0
2022.4.24,863,5,45,14,7,934,0,0
2022.4.25,928,1,106,17,14,"1,066",0,0
2022.4.26,855,0,41,8,19,923,1,0
2022.4.27,638,1,46,3,24,712,1,0
2022.4.28,821,1,123,7,34,986,1,0
2022.4.29,952,4,120,20,34,"1,130",0,0
2022.4.30,839,4,35,28,15,921,1,0
2022.5.1,717,3,36,21,14,791,0,0
2022.5.2,610,17,19,9,26,681,0,0
2022.5.3,489,9,35,26,15,574,1,0
2022.5.4,978,6,60,57,24,"1,125",0,0
2022.5.5,769,12,74,68,30,953,0,0
2022.5.6,637,7,94,35,29,802,0,0
2022.5.7,480,16,22,34,11,563,0,0
2022.5.8,943,9,66,26,29,"1,073",1,0
2022.5.9,"1,072",4,45,11,14,"1,146",1,0
2022.5.10,911,1,64,6,27,"1,009",0,0
2022.5.11,808,3,41,17,14,883,0,0
2022.5.12,764,3,154,12,25,958,0,0
2022.5.13,968,2,116,10,23,"1,119",0,0
2022.5.14,991,3,81,28,18,"1,121",0,0
2022.5.15,"1,076",7,58,7,48,"1,196",0,0
2022.5.16,"1,113",1,51,20,14,"1,199",1,0
2022.5.17,"1,052",5,45,22,17,"1,141",0,0
2022.5.18,828,6,55,15,17,921,1,0
2022.5.19,842,4,105,21,29,"1,001",0,0
2022.5.20,911,2,95,9,35,"1,052",0,0
2022.5.21,977,6,44,27,25,"1,079",0,0
2022.5.22,983,1,82,7,21,"1,094",0,0
2022.5.23,"1,071",3,53,12,17,"1,156",1,0
2022.5.24,924,4,95,73,23,"1,119",0,0
2022.5.25,760,1,52,8,18,839,0,0
2022.5.26,779,0,121,19,31,950,2,0
2022.5.27,"1,012",9,94,17,38,"1,170",0,0
2022.5.28,"1,096",7,35,22,13,"1,173",0,0
2022.5.29,"1,092",2,35,8,15,"1,152",1,0
2022.5.30,677,0,39,8,24,748,2,0
2022.5.31,948,13,38,63,16,"1,078",1,0
2022.6.1,668,10,85,42,20,825,1,0
2022.6.2,668,3,37,12,22,742,0,0
2022.6.3,931,2,134,40,32,"1,139",1,0
2022.6.4,709,6,80,25,23,843,1,0
2022.6.5,0,0,0,0,0,0,0,0
2022.6.6,0,0,0,0,0,0,0,0
2022.6.7,"1,136",6,35,19,4,"1,200",1,0
2022.6.8,"1,028",3,37,29,14,"1,111",0,0
2022.6.9,781,11,106,14,16,928,1,0
2022.6.10,941,1,76,13,26,"1,057",0,0
2022.6.11,939,7,48,13,10,"1,017",0,0
2022.6.12,938,5,31,22,12,"1,008",0,0
2022.6.13,958,0,40,11,12,"1,021",0,0
2022.6.14,823,7,91,15,14,950,1,0
2022.6.15,864,6,47,40,15,972,0,0
2022.6.16,753,0,100,5,33,891,2,0
2022.6.17,893,4,125,23,35,"1,080",0,0
2022.6.18,940,3,23,20,14,"1,000",1,0
2022.6.19,787,2,39,29,25,882,1,0
2022.6.20,940,1,51,15,13,"1,020",2,0
2022.6.21,848,3,27,9,11,898,0,0
2022.6.22,545,2,22,13,13,595,1,0
2022.6.23,0,0,0,0,0,0,0,0
2022.6.24,851,3,139,31,27,"1,051",0,0
2022.6.25,875,3,35,16,15,944,0,0
2022.6.26,786,4,45,15,12,862,0,0
2022.6.27,"1,015",2,29,15,13,"1,074",0,0
2022.6.28,0,0,0,0,0,0,0,0
2022.6.29,845,17,47,20,23,952,1,0
2022.6.30,824,1,81,20,19,945,0,0
2022.7.1,889,0,61,14,30,994,1,0
2022.7.2,609,4,14,26,18,671,1,0
2022.7.3,582,2,22,13,14,633,1,0
2022.7.4,799,2,31,6,13,851,1,0
2022.7.5,0,0,0,0,0,0,0,0
2022.7.6,830,5,27,12,19,893,2,0
2022.7.7,732,2,18,15,20,787,1,0
2022.7.8,918,7,42,18,26,"1,011",1,0
2022.7.9,377,6,14,5,29,431,1,0
2022.7.10,498,11,34,20,13,576,0,0
2022.7.11,604,2,17,12,14,649,2,0
2022.7.13,902,8,50,45,17,"1,022",1,0
2022.7.14,686,13,13,25,16,753,0,0
2022.7.15,792,11,37,17,15,872,0,0
2022.7.16,407,18,23,18,12,478,0,0
2022.7.17,610,2,37,13,18,680,0,0
2022.7.18,699,14,24,34,12,783,0,0
2022.7.19,0,0,0,0,0,0,0,0
2022.7.20,995,23,24,43,14,"1,099",1,0
2022.7.21,821,37,19,50,20,947,0,0
2022.7.22,977,45,28,65,18,"1,133",0,0
2022.7.23,705,36,26,89,20,876,0,0
2022.7.24,840,36,28,105,14,"1,023",0,0
2022.7.25,665,14,25,71,12,787,1,0
2022.7.26,694,13,25,65,18,815,0,0
2022.7.27,878,33,28,74,24,"1,037",2,0
2022.7.28,676,43,66,83,18,886,2,0
2022.7.29,938,28,55,96,29,"1,146",3,0
2022.7.30,848,38,63,105,20,"1,074",0,0
2022.7.31,866,39,70,71,21,"1,067",1,0
2022.8.1,798,26,109,66,21,"1,020",1,0
2022.8.2,659,34,59,91,25,868,1,0
2022.8.3,579,36,68,54,28,765,2,0
2022.8.4,588,9,54,41,22,714,0,0
2022.8.5,575,24,50,45,25,719,2,0
2022.8.6,716,28,28,80,14,866,0,0
2022.8.7,763,41,38,108,16,966,0,0
2022.8.8,700,30,18,46,20,814,4,0
2022.8.9,459,23,22,34,18,556,2,0
2022.8.10,665,20,27,47,18,777,1,0
2022.8.11,661,25,48,34,25,793,0,0
2022.8.12,942,22,70,63,30,"1,127",1,0
2022.8.13,639,8,63,74,22,806,0,0
2022.8.14,805,24,22,55,13,919,2,0
2022.8.15,789,19,21,36,22,887,2,0
2022.8.16,796,6,39,25,21,887,0,0
2022.8.17,736,4,14,27,22,803,0,0
2022.8.18,434,9,26,16,17,502,0,0
2022.8.19,562,4,74,26,25,691,1,0
2022.8.20,657,5,15,36,12,725,0,0
2022.8.21,663,7,17,20,22,729,0,0
2022.8.22,845,3,33,17,17,915,0,0
2022.8.23,385,0,29,32,21,467,0,0
2022.8.24,551,1,18,17,16,603,0,0
2022.8.25,573,0,100,9,19,701,1,0
2022.8.26,743,7,79,15,29,873,0,0
2022.8.27,529,3,28,26,21,607,0,0
2022.8.28,717,2,31,17,16,783,2,0
2022.8.29,406,0,9,11,22,448,0,0
2022.8.30,424,0,16,6,45,491,0,0
2022.8.31,0,0,0,0,0,0,0,0
2022.9.1,440,4,14,13,18,489,1,0
2022.9.2,326,0,34,8,18,386,2,0
2022.9.3,201,0,6,3,18,228,0,0
2022.9.4,0,0,0,0,0,0,0,0
2022.9.5,0,0,0,0,0,0,0,0
2022.9.6,0,0,0,0,0,0,0,0
2022.9.7,579,11,24,60,17,691,4,0
2022.9.8,977,20,62,77,15,"1,151",3,0
2022.9.9,774,17,95,51,24,961,0,0
2022.9.10,482,10,87,22,24,625,0,0
2022.9.11,351,1,17,22,17,408,2,0
2022.9.12,723,7,35,39,14,818,1,0
2022.9.13,849,5,32,21,16,923,2,0
2022.9.14,581,2,47,5,15,650,0,0
2022.9.15,580,8,43,21,14,666,0,0
2022.9.16,249,1,39,1,23,313,1,0
2022.9.17,336,2,21,6,1,366,0,0
2022.9.18,0,0,0,0,0,0,0,0
2022.9.19,0,0,0,0,0,0,0,0
2022.9.20,0,0,0,0,0,0,0,0
2022.9.22,"1,684",14,198,58,115,"2,069",1,0
2022.9.23,986,2,156,6,30,"1,180",0,0
2022.9.24,595,3,21,13,24,656,3,0
2022.9.25,943,2,20,8,23,996,0,0
2022.9.26,884,10,51,22,26,993,0,0
2022.9.27,908,2,36,3,30,979,0,0
2022.9.28,570,0,18,12,17,617,1,0
2022.9.29,594,5,88,40,23,750,0,0
2022.9.30,"1,057",7,80,37,19,"1,200",2,0
2022.10.1,717,7,94,30,24,872,2,0
2022.10.2,583,5,43,17,26,674,0,0
2022.10.3,527,3,30,43,23,626,1,0
2022.10.4,12,0,0,0,0,12,0,0
2022.10.5,621,1,46,13,22,703,0,0
2022.10.6,-12,0,0,0,0,-12,0,0
2022.10.8,"1,898",9,244,61,53,"2,265",1,0
2022.10.9,804,9,64,51,29,957,1,0
2022.10.10,0,0,0,0,0,0,0,0
2022.10.11,"1,075",5,60,20,27,"1,187",0,0
2022.10.12,712,6,41,16,18,793,2,0
2022.10.13,589,6,110,18,27,750,0,0
2022.10.14,985,3,112,14,19,"1,133",0,0
2022.10.15,723,3,26,26,16,794,0,0
2022.10.16,"1,002",19,57,18,23,"1,119",1,0
2022.10.17,"1,012",0,67,2,24,"1,105",0,0
2022.10.18,906,2,41,4,28,981,0,0
2022.10.19,675,6,33,12,23,749,0,0
2022.10.20,496,3,122,11,39,671,0,0
2022.10.21,961,2,150,34,27,"1,174",0,0
2022.10.22,838,3,22,9,23,895,1,0
2022.10.23,923,9,65,14,25,"1,036",0,0
2022.10.24,918,1,53,4,19,995,0,0
2022.10.25,788,2,30,7,20,847,0,0
2022.10.26,675,2,51,12,23,763,0,0
2022.10.27,694,4,79,12,23,812,1,0
2022.10.28,813,115,124,16,44,"1,112",0,0
2022.10.29,588,4,24,13,19,648,0,0
2022.10.30,644,3,61,7,18,733,1,0
2022.10.31,511,2,25,5,23,566,0,0
2022.11.1,571,1,35,4,19,630,0,0
2022.11.2,507,5,17,14,18,561,0,0
2022.11.3,698,3,99,14,15,829,0,0
2022.11.4,877,5,132,12,28,"1,054",0,0
2022.11.5,499,5,26,23,17,570,0,0
2022.11.6,701,3,21,10,14,749,0,0
2022.11.7,569,0,32,9,16,626,1,0
2022.11.8,452,0,23,0,21,496,0,0
2022.11.9,293,2,28,8,26,357,0,0
2022.11.10,514,2,31,5,18,570,1,0
2022.11.11,804,4,107,12,21,948,1,0
2022.11.12,415,1,21,12,25,474,0,0
2022.11.13,0,0,0,0,0,0,0,0
2022.11.14,700,7,32,21,24,784,0,0
2022.11.15,547,1,17,2,27,594,0,0
2022.11.16,383,9,18,8,21,439,0,0
2022.11.17,496,2,47,18,18,581,0,0
2022.11.18,721,4,87,24,25,861,0,0
2022.11.19,320,4,11,11,18,364,2,0
2022.11.20,640,7,19,7,21,694,1,0
2022.11.21,434,3,22,5,17,481,1,0
2022.11.22,0,0,0,0,0,0,0,0
2022.11.23,631,0,20,7,17,675,1,0
2022.11.24,265,4,25,5,17,316,0,0
2022.11.25,559,3,67,13,47,689,0,0
2022.11.26,202,1,4,5,25,237,1,0
2022.11.27,555,7,21,13,23,619,1,0
2022.11.28,361,1,16,0,21,399,0,0
2022.11.29,0,0,0,0,0,0,0,0
2022.11.30,0,0,0,0,0,0,0,0
2022.12.1,432,3,19,6,26,486,1,0
2022.12.2,478,2,21,5,30,536,0,0
2022.12.3,163,5,9,6,25,208,1,0
2022.12.4,438,5,11,6,26,486,0,0
2022.12.5,411,5,14,7,24,461,1,0
2022.12.6,328,2,16,12,23,381,1,0
2022.12.7,331,1,19,4,30,385,0,0
2022.12.8,304,1,13,2,26,346,1,0
2022.12.9,392,1,12,7,36,448,0,0
2022.12.10,368,0,14,10,21,413,0,0
2022.12.30,837,13,57,46,44,997,0,0
2022.12.31,371,1,21,20,36,449,2,0
2023.1.1,236,2,3,6,17,264,0,0
2023.1.2,246,1,13,4,24,288,0,0
2023.1.3,234,0,11,2,19,266,0,0
2023.1.4,254,0,19,1,22,296,2,0
2023.1.5,228,6,17,6,47,304,0,0
2023.1.6,336,7,29,5,35,412,0,0
2023.1.7,244,4,8,6,17,279,0,0
2023.1.8,290,4,9,11,21,335,0,0
2023.1.9,341,5,12,2,15,375,0,0
2023.1.10,369,2,14,15,19,419,0,0
2023.1.11,266,3,9,5,14,297,1,0
2023.1.12,230,6,17,3,46,302,0,0
2023.1.13,219,6,2,12,39,278,0,0
2023.1.14,0,0,0,0,0,0,0,0
2023.1.15,0,0,0,0,0,0,0,0
2023.1.16,526,11,16,7,23,583,0,0
2023.1.17,222,8,13,11,19,273,0,0
2023.1.18,221,4,13,12,22,272,1,0
2023.1.19,0,0,0,0,0,0,0,0
2023.1.20,648,28,26,34,23,759,1,0
2023.1.21,390,4,7,15,18,434,0,0
2023.1.22,502,6,18,11,24,561,1,0
2023.1.23,0,0,0,0,0,0,0,0
2023.1.24,0,0,0,0,0,0,0,0
2023.1.25,595,7,23,18,22,665,0,0
2023.1.26,433,7,23,19,19,501,2,0
2023.1.27,0,0,0,0,0,0,0,0
2023.1.28,485,2,16,8,27,538,0,0
2023.1.29,0,0,0,0,0,0,0,0
2023.1.30,335,0,27,11,18,391,0,0
2023.1.31,0,0,0,0,0,0,0,0
2023.2.1,479,0,34,17,22,552,1,0
2023.2.2,600,5,8,12,71,696,0,0
2023.2.3,763,6,14,10,37,830,0,0
2023.2.4,385,5,11,9,22,432,0,0
2023.2.5,352,10,11,8,14,395,2,0
2023.2.6,387,7,27,1,16,438,0,0
2023.2.7,269,3,12,6,14,304,0,0
2023.2.8,299,4,7,18,23,351,0,0
2023.2.9,286,2,6,6,39,339,1,0
2023.2.10,752,1,4,13,39,809,1,0
2023.2.11,383,7,10,7,17,424,1,0
2023.2.12,505,3,11,13,17,549,0,0
2023.2.13,322,1,21,9,16,369,0,0
2023.2.14,0,0,0,0,0,0,0,0
2023.2.15,367,7,17,9,19,419,1,0
2023.2.16,428,6,21,10,14,479,1,0
2023.2.17,567,6,23,16,15,627,1,0
2023.2.18,551,8,22,22,15,618,2,0
2023.2.19,395,4,12,18,14,443,0,0
2023.2.20,364,1,9,15,15,404,1,0
2023.2.21,403,1,20,10,15,449,0,0
2023.2.23,642,12,42,15,15,726,0,0
2023.2.24,703,6,43,36,25,813,0,0
2023.2.25,508,8,9,24,22,571,0,0
2023.2.26,614,12,16,26,17,685,2,0
2023.2.27,431,3,57,7,17,515,2,0
2023.2.28,461,7,43,29,17,557,1,0
2023.3.1,410,5,37,4,15,471,1,0
2023.3.2,331,1,20,2,18,372,1,0
2023.3.3,431,0,19,2,16,468,0,0
2023.3.4,268,1,20,5,16,310,0,0
2023.3.5,394,2,15,0,13,424,0,0
2023.3.6,369,0,36,1,13,419,1,0
2023.3.7,274,3,25,0,16,318,0,0
2023.3.9,465,0,33,9,18,525,1,0
2023.3.10,570,1,25,11,25,632,1,0
2023.3.11,368,1,11,2,16,398,1,0
2023.3.12,0,0,0,0,0,0,0,0
2023.3.13,639,1,25,1,20,686,0,0
2023.3.14,304,1,25,1,15,346,1,0
2023.3.15,429,0,20,0,18,467,0,0
2023.3.16,382,1,67,4,15,469,0,0
2023.3.17,821,0,156,15,17,"1,009",1,0
2023.3.18,419,3,12,8,19,461,1,0
2023.3.19,524,3,20,6,16,569,0,0
2023.3.20,536,2,29,3,17,587,0,0
2023.3.21,458,1,18,1,19,497,0,0
2023.3.23,690,0,220,8,48,966,0,0
2023.3.24,934,1,200,6,19,"1,160",0,0
2023.3.25,382,4,14,5,17,422,3,0
2023.3.26,542,3,29,5,16,595,0,0
2023.3.27,647,2,39,5,16,709,1,0
2023.3.28,576,2,35,5,22,640,1,0
2023.3.29,441,3,46,8,18,516,1,0
2023.3.30,504,0,141,3,23,671,0,0
2023.3.31,959,0,199,3,22,"1,183",0,0
2023.4.2,"1,143",2,62,24,30,"1,261",0,0
2023.4.3,526,3,56,14,13,612,1,0
2023.4.4,427,2,24,5,16,474,0,0
2023.4.5,0,0,0,0,0,0,0,0
2023.4.6,802,1,114,13,21,951,0,0
2023.4.7,974,1,145,9,17,"1,146",0,0
2023.4.8,689,5,52,22,19,787,1,0
2023.4.9,689,3,45,9,15,761,1,0
2023.4.10,929,1,53,6,19,"1,008",1,0
2023.4.11,839,0,29,5,18,891,0,0
2023.4.12,819,0,45,12,20,896,0,0
2023.4.13,749,0,120,11,19,899,0,0
2023.4.14,938,2,231,6,14,"1,191",0,0
2023.4.15,747,2,43,11,18,821,0,0
2023.4.16,840,4,63,9,18,934,0,0
2023.4.17,"1,064",0,67,8,17,"1,156",0,0
2023.4.18,587,1,45,5,19,657,0,0
2023.4.19,688,2,17,7,20,734,0,0
2023.4.20,797,0,158,17,19,991,0,0
2023.4.21,973,0,161,12,22,"1,168",1,0
2023.4.22,878,1,47,24,20,970,2,0
2023.4.23,954,2,68,17,21,"1,062",1,0
2023.4.24,"1,094",2,44,3,16,"1,159",0,0
2023.4.25,858,0,45,3,14,920,1,0
2023.4.26,709,2,38,14,24,787,0,0
2023.4.27,807,3,201,23,20,"1,054",1,0
2023.4.28,984,0,190,4,17,"1,195",0,0
2023.4.29,"1,117",3,37,19,24,"1,200",0,0
2023.4.30,993,8,82,18,18,"1,119",1,0
2023.5.1,673,10,59,52,17,811,1,0
2023.5.2,482,0,29,12,13,536,1,0
2023.5.3,647,11,48,40,16,762,0,0
2023.5.4,948,3,158,17,14,"1,140",0,0
2023.5.5,702,5,176,23,14,920,1,0
2023.5.6,0,0,0,0,0,0,0,0
2023.5.7,818,8,92,29,20,967,2,0
2023.5.8,"1,026",1,74,13,20,"1,134",2,0
2023.5.9,850,0,57,18,19,944,0,0
2023.5.10,787,3,33,8,18,849,0,0
2023.5.11,719,2,163,10,17,911,0,0
2023.5.12,977,3,135,14,20,"1,149",0,0
2023.5.13,"1,084",3,45,6,20,"1,158",0,0
2023.5.14,979,4,85,15,18,"1,101",0,0
2023.5.15,"1,021",1,74,11,19,"1,126",1,0
2023.5.16,802,3,49,17,19,890,0,0
2023.5.17,739,4,35,20,19,817,0,0
2023.5.18,779,2,89,7,18,895,0,0
2023.5.19,976,0,196,7,12,"1,191",0,0
2023.5.20,"1,018",2,23,12,16,"1,071",0,0
2023.5.21,"1,008",5,47,11,17,"1,088",2,0
2023.5.22,"1,030",4,61,26,16,"1,137",1,0
2023.5.23,880,14,22,3,14,933,0,0
2023.5.24,636,3,24,26,13,702,0,0
2023.5.25,661,9,83,52,20,825,0,0
2023.5.26,956,12,166,46,20,"1,200",0,0
2023.5.27,973,7,52,34,19,"1,085",0,0
2023.5.28,690,4,60,15,38,807,0,0
2023.5.29,951,9,41,24,16,"1,041",2,0
2023.5.30,688,2,47,11,20,768,0,0
2023.5.31,800,2,58,34,25,919,0,0
2023.6.1,738,9,88,14,14,863,0,0
2023.6.2,"1,008",9,106,29,23,"1,175",0,0
2023.6.3,907,14,145,44,13,"1,123",0,0
2023.6.4,855,12,68,30,22,987,0,0
2023.6.5,552,13,39,31,18,653,0,0
2023.6.6,756,3,48,26,17,850,2,0
2023.6.7,824,1,24,22,19,890,0,0
2023.6.8,474,0,100,8,21,603,0,0
2023.6.9,824,2,224,7,14,"1,071",1,0
2023.6.10,971,1,30,10,19,"1,031",1,0
2023.6.11,982,23,35,12,14,"1,066",0,0
2023.6.12,819,1,54,20,30,924,2,0
2023.6.13,777,2,22,16,23,840,0,0
2023.6.14,609,2,29,6,20,666,0,0
2023.6.15,583,2,96,5,18,704,0,0
2023.6.16,985,2,181,11,19,"1,198",0,0
2023.6.17,739,5,51,22,16,833,1,0
2023.6.18,758,0,42,8,18,826,2,0
2023.6.19,627,0,29,6,16,678,0,0
2023.6.20,517,2,19,1,16,555,0,0
2023.6.21,639,3,24,5,22,693,0,0
2023.6.22,579,5,52,17,17,670,0,0
2023.6.23,947,1,119,16,18,"1,101",0,0
2023.6.24,473,2,28,15,17,535,1,0
2023.6.25,771,6,26,12,20,835,0,0
2023.6.26,574,2,20,7,17,620,2,0
2023.6.27,456,1,17,9,18,501,2,0
2023.6.28,498,1,28,6,15,548,0,0
2023.6.29,386,3,28,10,17,444,0,0
2023.6.30,636,4,87,33,27,787,1,0
2023.7.1,405,1,57,66,57,586,1,0
2023.7.2,692,3,24,11,21,751,0,0
2023.7.4,391,6,24,9,61,491,3,0
2023.7.6,628,1,26,15,19,689,0,0
2023.7.7,809,6,28,13,19,875,0,0
2023.7.8,225,0,18,6,19,268,0,0
2023.7.9,491,8,14,3,16,532,0,0
2023.7.10,443,6,13,1,20,483,0,0
2023.7.11,409,1,11,5,15,441,0,0
2023.7.12,528,1,6,7,18,560,0,0
2023.7.13,479,6,14,9,15,523,0,0
2023.7.14,539,11,28,51,16,645,0,0
2023.7.15,331,29,8,10,19,397,0,0
2023.7.16,391,16,14,13,20,454,1,0
2023.7.17,419,3,13,4,16,455,1,0
2023.7.18,439,6,17,6,22,490,0,0
2023.7.20,589,18,17,49,24,697,2,0
2023.7.21,476,21,25,54,24,600,0,0
2023.7.22,319,25,25,38,20,427,0,0
2023.7.23,528,43,17,52,24,664,1,0
2023.7.24,542,8,23,23,17,613,0,0
2023.7.25,464,35,19,32,24,574,0,0
2023.7.26,654,26,25,59,19,783,0,0
2023.7.27,513,33,41,36,16,639,1,0
2023.7.28,965,41,66,100,23,"1,195",1,0
2023.7.29,733,46,45,82,17,923,2,0
2023.7.30,739,25,71,79,24,938,3,0
2023.7.31,845,25,134,49,26,"1,079",0,0
2023.8.1,719,14,112,47,18,910,1,0
2023.8.2,653,13,64,49,23,802,1,0
2023.8.3,553,28,35,42,24,682,1,0
2023.8.4,618,25,64,44,43,794,1,0
2023.8.5,369,14,25,34,22,464,0,0
2023.8.6,393,28,21,15,20,477,1,0
2023.8.7,302,11,9,22,16,360,0,0
2023.8.8,0,0,0,0,0,0,0,0
2023.8.9,0,0,0,0,0,0,0,0
2023.8.10,0,0,0,0,0,0,0,0
2023.8.11,968,33,75,65,18,"1,159",2,0
2023.8.12,837,30,127,68,30,"1,092",2,0
2023.8.13,514,30,59,28,19,650,2,0
2023.8.14,538,9,16,28,16,607,1,0
2023.8.15,709,3,28,27,16,783,0,0
2023.8.16,494,3,34,19,19,569,0,0
2023.8.17,508,11,39,32,23,613,0,0
2023.8.18,445,13,31,18,21,528,0,0
2023.8.19,273,6,19,26,15,339,2,0
2023.8.20,500,2,23,14,16,555,1,0
2023.8.21,460,2,9,10,18,499,1,0
2023.8.22,446,4,14,5,19,488,1,0
2023.8.23,328,6,13,7,20,374,0,0
2023.8.24,371,4,30,14,32,451,0,0
2023.8.25,569,6,104,17,20,716,0,0
2023.8.26,247,3,25,12,19,306,0,0
2023.8.27,580,4,19,10,23,636,0,0
2023.8.28,472,6,19,9,24,530,1,0
2023.8.30,450,1,20,13,22,506,0,0
2023.9.1,"1,279",7,39,23,41,"1,389",0,0
2023.9.2,0,0,0,0,0,0,0,0
2023.9.3,0,0,0,0,0,0,0,0
2023.9.4,0,0,0,0,0,0,0,0
2023.9.5,0,0,0,0,0,0,0,0
2023.9.7,573,8,37,51,28,697,0,0
2023.9.8,736,6,19,17,36,814,0,0
2023.9.9,226,3,7,7,14,257,0,0
2023.9.10,644,10,36,19,28,737,1,0
2023.9.11,653,1,30,3,15,702,0,0
2023.9.12,484,2,20,7,21,534,0,0
2023.9.13,438,0,17,4,31,490,1,0
2023.9.14,411,19,12,5,16,463,0,0
2023.9.15,683,22,27,17,23,772,0,0
2023.9.16,305,0,13,6,13,337,0,0
2023.9.17,581,3,28,20,37,669,1,0
2023.9.18,469,12,17,6,12,516,0,0
2023.9.19,359,4,18,9,12,402,1,0
2023.9.20,272,2,10,12,19,315,0,0
2023.9.21,0,0,0,0,0,0,0,0
2023.9.22,0,0,0,0,0,0,0,0
2023.9.23,0,0,0,0,0,0,0,0
2023.9.24,0,0,0,0,0,0,0,0
2023.9.25,253,2,2,11,21,289,1,0
2023.9.26,447,6,26,40,21,540,2,0
2023.9.27,"1,000",10,85,77,21,"1,193",2,0
2023.9.28,971,16,103,72,18,"1,180",1,0
2023.9.29,886,28,141,71,27,"1,153",1,0
2023.9.30,892,27,98,72,27,"1,116",0,0
2023.10.1,664,19,31,22,21,757,0,0
2023.10.2,598,9,43,33,20,703,0,0
2023.10.3,798,8,26,18,19,869,2,0
2023.10.4,552,0,54,18,21,645,0,0
2023.10.5,694,5,80,22,19,820,0,0
2023.10.6,969,10,155,34,32,"1,200",0,5
2023.10.7,849,7,185,28,23,"1,092",1,0
2023.10.8,540,6,20,24,22,612,1,0
2023.10.9,565,2,23,19,19,628,0,0
2023.10.10,544,0,29,2,16,591,0,0
2023.10.11,509,0,28,6,25,568,0,0
2023.10.12,547,1,55,8,19,630,0,0
2023.10.13,899,4,193,10,18,"1,124",0,0
2023.10.14,517,5,26,24,17,589,1,0
2023.10.15,559,20,33,12,16,640,1,0
2023.10.16,850,16,44,6,19,935,1,0
2023.10.17,542,0,38,6,16,602,1,0
2023.10.18,626,3,30,3,17,679,0,0
2023.10.19,522,4,86,10,17,639,0,0
2023.10.21,"1,370",8,202,12,32,"1,624",0,0
2023.10.22,667,8,22,7,19,723,1,0
2023.10.23,630,3,41,6,21,701,0,0
2023.10.24,404,0,32,6,17,459,0,0
2023.10.25,572,2,33,4,20,631,0,0
2023.10.26,570,1,109,17,18,715,0,0
2023.10.27,958,8,155,18,19,"1,158",0,0
2023.10.28,377,1,28,11,17,434,1,0
2023.10.29,618,1,32,9,19,679,1,0
2023.10.30,482,0,38,8,19,547,0,0
2023.10.31,479,0,20,6,16,521,1,0
2023.11.1,479,1,32,18,21,551,0,0
2023.11.2,561,5,88,5,18,677,0,0
2023.11.3,943,4,136,20,19,"1,122",0,0
2023.11.4,340,9,14,23,16,402,0,0
2023.11.5,0,0,0,0,0,0,0,0
2023.11.6,0,0,0,0,0,0,0,0
2023.11.7,868,10,31,14,32,955,0,0
2023.11.8,486,3,14,2,20,525,0,0
2023.11.9,579,5,60,16,24,684,0,1
2023.11.10,798,0,122,11,21,952,0,0
2023.11.11,302,6,20,24,15,367,1,0
2023.11.12,364,1,12,4,17,398,0,0
2023.11.13,600,1,23,7,21,652,0,0
2023.11.14,301,1,17,4,19,342,1,0
2023.11.15,342,0,14,5,18,379,1,0
2023.11.16,318,16,52,21,17,424,1,0
2023.11.17,0,0,0,0,0,0,0,0
2023.11.18,267,17,22,5,13,324,1,0
2023.11.19,513,2,18,13,15,561,0,0
2023.11.20,374,2,30,4,24,434,0,0
2023.11.21,271,34,11,5,12,333,0,0
2023.11.22,242,2,12,5,22,283,0,2
2023.11.23,0,0,0,0,0,0,0,0
2023.11.24,656,2,17,9,27,711,0,0
2023.11.25,278,3,9,8,19,317,1,0
2023.11.26,449,6,25,4,18,502,0,0
2023.11.27,0,0,0,0,0,0,0,0
2023.11.28,0,0,0,0,0,0,0,0
2023.11.30,503,5,12,5,18,543,1,0
2023.12.1,465,3,27,8,26,529,0,0
2023.12.2,190,0,14,4,18,226,0,0
2023.12.3,378,5,15,8,19,425,1,0
2023.12.4,428,3,12,10,29,482,0,1
2023.12.5,411,1,16,7,17,452,1,0
2023.12.6,0,0,0,0,0,0,0,0
2023.12.7,299,0,9,2,21,331,0,0
2023.12.8,345,1,17,5,36,404,0,0
2023.12.9,372,0,7,12,16,407,1,0
2023.12.21,0,0,0,0,0,0,0,0
2023.12.22,501,7,31,8,29,576,1,0
2023.12.23,220,2,10,7,22,261,1,0
2023.12.24,145,5,0,5,21,176,0,0
2023.12.25,370,8,15,17,31,441,0,0
2023.12.26,416,3,14,4,26,463,0,0
2023.12.27,306,2,12,14,30,364,1,0
2023.12.28,253,6,12,12,21,304,0,0
2023.12.29,387,12,25,16,20,460,1,0
2023.12.30,538,5,135,20,55,753,0,0
2023.12.31,0,0,0,0,0,0,0,0
2024.1.1,334,3,16,5,20,378,0,0
2024.1.2,238,2,12,4,20,276,0,0
2024.1.3,248,1,12,1,20,282,0,0
2024.1.4,225,2,3,4,25,259,0,0
2024.1.5,227,4,25,5,38,299,0,0
2024.1.6,233,5,16,4,15,273,1,0
2024.1.7,0,0,0,0,0,0,0,0
2024.1.8,423,6,7,5,17,458,0,0
2024.1.9,186,1,4,2,17,210,0,0
2024.1.10,294,2,11,7,17,331,0,0
2024.1.11,0,0,0,0,0,0,0,0
2024.1.12,412,5,20,13,32,482,0,0
2024.1.13,377,5,5,17,33,437,0,0
2024.1.14,203,3,8,10,20,244,2,1
2024.1.15,287,6,24,7,21,345,0,0
2024.1.16,305,5,8,14,18,350,1,0
2024.1.17,270,2,12,1,16,301,0,0
2024.1.18,230,4,15,3,35,287,0,0
2024.1.19,420,3,12,4,24,463,1,0
2024.1.20,0,0,0,0,0,0,0,0
2024.1.21,370,2,25,6,20,423,0,0
2024.1.22,0,0,0,0,0,0,0,0
2024.1.23,0,0,0,0,0,0,0,0
2024.1.24,0,0,0,0,0,0,0,0
2024.1.25,505,3,19,8,24,559,0,0
2024.1.26,578,5,10,16,31,640,0,0
2024.1.27,264,4,5,6,23,302,0,0
2024.1.28,374,4,8,5,34,425,0,2
2024.1.30,434,2,44,11,21,512,1,0
2024.1.31,326,2,32,7,36,403,1,0
2024.2.2,"1,091",10,66,18,74,"1,259",1,0
2024.2.3,275,3,5,1,24,308,0,0
2024.2.4,0,0,0,0,0,0,0,0
2024.2.5,215,3,14,5,17,254,0,0
2024.2.6,164,3,6,8,18,199,1,0
2024.2.7,175,7,18,4,23,227,1,0
2024.2.8,550,19,25,33,27,654,1,0
2024.2.9,374,1,24,10,31,440,0,0
2024.2.10,256,7,19,7,18,307,0,0
2024.2.11,251,3,19,7,20,300,0,0
2024.2.12,484,12,27,21,22,566,1,0
2024.2.13,509,3,22,17,41,592,0,0
2024.2.14,393,3,41,12,15,464,0,0
2024.2.15,0,0,0,0,0,0,0,0
2024.2.16,793,9,54,26,27,909,2,0
2024.2.17,368,2,49,8,18,445,1,0
2024.2.18,0,0,0,0,0,0,0,0
2024.2.19,0,0,0,0,0,0,0,0
2024.2.20,0,0,0,0,0,0,0,0
2024.2.21,0,0,0,0,0,0,0,0
2024.2.22,734,11,39,21,20,825,0,0
2024.2.23,607,10,38,16,38,709,0,0
2024.2.24,0,0,0,0,0,0,0,0
2024.2.25,466,11,27,11,20,535,1,0
2024.2.26,421,3,27,6,20,477,0,0
2024.2.27,432,3,20,16,15,486,0,0
2024.2.28,567,8,59,33,32,699,1,0
2024.2.29,"1,040",17,91,30,22,"1,200",0,0
2024.3.1,0,0,0,0,0,0,0,0
2024.3.2,570,7,34,28,25,664,2,0
2024.3.3,456,2,19,10,19,506,0,0
2024.3.4,401,0,44,4,23,472,0,0
2024.3.5,322,0,27,0,17,366,1,0
2024.3.6,225,1,11,4,16,257,0,0
2024.3.7,280,2,20,5,18,325,2,1
2024.3.8,438,1,19,5,25,488,0,0
2024.3.9,230,0,21,4,20,275,2,0
2024.3.10,524,0,23,3,31,581,1,0
2024.3.11,489,0,28,4,18,539,0,3
2024.3.12,408,2,40,1,15,466,0,0
2024.3.13,325,1,50,3,19,398,0,1
2024.3.14,352,0,16,4,13,385,1,0
2024.3.15,575,2,29,7,46,659,1,0
2024.3.16,362,2,7,6,21,398,2,0
2024.3.17,456,0,14,12,18,500,0,0
2024.3.18,426,2,31,3,15,477,0,0
2024.3.19,0,0,0,0,0,0,0,0
2024.3.20,407,0,39,2,23,471,0,0
2024.3.21,627,2,32,6,22,689,2,0
2024.3.22,757,1,34,5,22,819,0,0
2024.3.23,279,3,8,11,18,319,1,0
2024.3.24,514,1,19,5,16,555,0,0
2024.3.25,0,0,0,0,0,0,0,0
2024.3.26,762,0,80,7,17,866,2,0
2024.3.27,428,1,22,4,21,476,0,0
2024.3.28,458,0,51,5,28,542,0,0
2024.3.29,"1,124",2,38,12,21,"1,197",0,0
2024.3.30,289,1,19,3,24,336,0,0
2024.3.31,466,2,34,8,22,532,1,0
2024.4.1,663,1,46,4,21,735,0,0
2024.4.2,507,3,30,2,20,562,0,0
2024.4.3,439,0,26,1,18,484,0,0
2024.4.4,527,0,22,7,15,571,0,0
2024.4.5,956,4,197,13,17,"1,187",1,0
2024.4.6,385,3,29,12,53,482,1,0
2024.4.7,464,1,20,6,17,508,0,0
2024.4.8,383,0,22,2,17,424,1,0
2024.4.9,377,0,32,9,16,434,0,0
2024.4.10,493,0,50,13,17,573,0,0
2024.4.11,489,1,39,2,31,562,0,0
2024.4.12,982,2,179,4,27,"1,194",0,0
2024.4.13,446,23,19,8,17,513,2,0
2024.4.14,730,0,27,7,26,790,0,0
2024.4.15,760,0,70,6,29,865,0,0
2024.4.16,414,0,42,5,18,479,0,0
2024.4.17,653,1,41,11,28,734,0,0
2024.4.18,609,1,32,8,20,670,0,0
2024.4.19,932,2,226,11,22,"1,193",0,0
2024.4.20,543,4,43,15,17,622,1,0
2024.4.21,623,3,41,15,20,702,0,0
2024.4.22,846,0,70,5,27,948,1,0
2024.4.23,686,1,36,3,68,794,1,0
2024.4.24,519,3,38,5,31,596,0,0
2024.4.25,818,0,48,10,24,900,0,0
2024.4.26,904,2,235,9,24,"1,174",1,0
2024.4.27,667,2,99,22,22,812,0,0
2024.4.28,873,2,43,16,21,955,1,0
2024.4.29,610,1,38,8,20,677,0,0
2024.4.30,591,2,56,15,28,692,1,0
2024.5.1,699,5,67,24,20,815,0,0
2024.5.2,609,4,51,23,18,705,1,0
2024.5.3,959,5,177,25,34,"1,200",0,4
2024.5.4,707,11,219,9,19,965,0,0
2024.5.5,0,0,0,0,0,0,0,0
2024.5.6,365,6,24,14,16,425,0,0
2024.5.7,"1,299",4,56,22,28,"1,409",2,0
2024.5.8,764,2,31,48,20,865,1,0
2024.5.9,566,0,23,9,13,611,0,0
2024.5.10,918,1,178,10,27,"1,134",0,0
2024.5.11,901,14,47,23,18,"1,003",0,0
2024.5.12,783,11,48,14,21,877,0,1
2024.5.13,466,3,47,8,22,546,0,0
2024.5.14,526,3,48,18,18,613,0,0
2024.5.15,0,0,0,0,0,0,0,0
2024.5.16,732,4,45,3,20,804,0,0
2024.5.17,886,2,195,5,29,"1,117",1,0
2024.5.18,701,3,36,10,23,773,0,0
2024.5.19,597,8,86,14,17,722,0,0
2024.5.20,938,1,61,20,21,"1,041",1,0
2024.5.21,746,0,30,28,15,819,0,0
2024.5.22,690,8,46,37,20,801,0,0
2024.5.23,712,8,67,32,19,838,1,0
2024.5.24,973,5,158,27,19,"1,182",0,0
2024.5.25,813,17,35,17,19,901,0,0
2024.5.26,664,7,31,8,23,733,0,0
2024.5.27,951,0,41,3,19,"1,014",0,0
2024.5.28,816,4,50,8,17,895,0,0
2024.5.29,886,5,54,12,26,983,1,0
2024.5.30,569,7,44,73,32,725,1,0
2024.5.31,812,9,227,12,34,"1,094",0,0
2024.6.2,"1,283",16,97,36,46,"1,478",0,1
2024.6.3,549,3,51,15,19,637,1,1
2024.6.4,444,4,32,33,19,532,0,0
2024.6.5,"1,076",6,67,20,31,"1,200",0,4
2024.6.6,948,6,116,64,25,"1,159",0,0
2024.6.7,646,8,195,36,22,907,0,0
2024.6.8,511,5,42,18,17,593,1,1
2024.6.9,546,10,27,10,24,617,0,0
2024.6.10,793,3,41,14,39,890,2,0
2024.6.11,484,3,17,31,16,551,1,0
2024.6.12,513,5,43,12,18,591,0,0
2024.6.13,619,2,30,18,38,707,0,0
2024.6.14,856,1,143,23,15,"1,038",0,0
2024.6.15,413,6,21,5,14,459,0,0
2024.6.16,450,2,35,16,15,518,0,0
2024.6.17,724,0,27,12,32,795,1,0
2024.6.18,549,1,28,23,36,637,1,0
2024.6.19,497,2,20,4,24,547,0,1
2024.6.20,887,6,32,13,30,968,0,0
2024.6.21,973,9,36,15,18,"1,051",1,0
2024.6.22,386,6,15,11,16,434,0,0
2024.6.23,601,10,29,15,22,677,0,0
2024.6.24,594,2,32,4,14,646,1,0
2024.6.25,437,0,28,4,22,491,0,0
2024.6.26,344,2,24,6,28,404,0,0
2024.6.27,547,3,12,15,22,599,0,0
2024.6.28,806,1,29,21,18,875,0,0
2024.6.29,0,0,0,0,0,0,0,0
2024.6.30,680,4,13,20,21,738,1,0
2024.7.1,363,1,21,5,17,407,2,0
2024.7.4,498,1,33,17,24,573,1,0
2024.7.5,527,25,30,63,20,665,0,0
2024.7.6,359,0,11,67,16,453,1,0
2024.7.7,461,2,25,10,26,524,1,0
2024.7.8,593,2,20,2,18,635,1,0
2024.7.9,0,0,0,0,0,0,0,0
2024.7.10,517,2,19,9,17,564,1,0
2024.7.11,476,3,16,16,16,527,0,0
2024.7.13,284,4,11,11,20,330,0,0
2024.7.14,575,7,34,15,24,655,0,0
2024.7.15,645,6,21,6,29,707,1,0
2024.7.16,346,3,20,7,31,407,0,0
2024.7.17,282,0,11,2,17,312,0,0
2024.7.18,317,3,14,4,17,355,2,0
2024.7.19,851,25,12,16,32,936,1,0
2024.7.20,430,10,7,17,15,479,0,0
2024.7.21,546,21,23,16,18,624,1,0
2024.7.22,575,11,13,18,16,633,0,0
2024.7.23,503,20,28,27,18,596,0,0
2024.7.24,619,9,30,59,27,744,0,0
2024.7.25,672,14,21,53,21,781,1,0
2024.7.26,894,27,92,84,32,"1,129",2,0
2024.7.27,769,38,83,99,19,"1,008",1,0
2024.7.28,784,40,45,64,21,954,0,0
2024.7.29,760,39,65,57,19,940,1,0
2024.7.30,749,43,48,68,24,932,1,0
2024.7.31,957,34,101,66,20,"1,178",0,0
2024.8.1,980,37,56,63,5,"1,141",2,0
2024.8.2,740,27,50,64,5,886,0,1
2024.8.3,565,22,59,61,4,711,1,0
2024.8.4,807,33,41,57,1,939,1,0
2024.8.5,695,16,30,31,3,775,1,0
2024.8.6,442,21,22,15,4,504,0,0
2024.8.7,614,32,22,34,12,714,1,0
2024.8.8,621,9,14,42,2,688,0,0
2024.8.9,533,20,33,32,11,629,1,0
2024.8.10,453,19,39,37,2,550,0,0
2024.8.11,548,16,28,30,3,625,1,0
2024.8.12,605,11,27,30,12,685,0,0
2024.8.13,530,11,20,30,8,599,1,0
2024.8.14,"1,033",6,72,41,10,"1,162",1,0
2024.8.15,824,17,113,48,8,"1,010",4,0
2024.8.16,444,10,74,38,7,573,3,0
2024.8.17,356,8,12,24,1,401,0,0
2024.8.18,508,8,24,22,6,568,0,0
2024.8.19,376,0,37,6,2,421,0,0
2024.8.20,498,0,8,7,5,518,0,0
2024.8.21,399,2,19,3,2,425,1,0
2024.8.22,574,1,29,7,4,615,0,0
2024.8.23,625,9,71,22,11,738,0,0
2024.8.24,335,4,13,21,8,381,1,0
2024.8.25,533,5,22,13,9,582,0,0
2024.8.26,557,0,15,15,6,593,1,0
2024.8.27,407,0,9,6,1,423,1,1
2024.8.28,492,5,23,10,12,542,0,0
2024.8.29,461,2,19,7,3,492,2,0
2024.8.30,655,19,33,15,11,733,1,0
2024.9.1,739,17,38,9,7,810,1,0
2024.9.2,0,0,0,0,0,0,0,0
2024.9.4,608,5,46,10,2,671,0,0
2024.9.6,0,0,0,0,0,0,0,0
2024.9.7,0,0,0,0,0,0,0,0
2024.9.8,0,0,0,0,0,0,0,0
2024.9.9,575,4,14,5,10,608,1,2
2024.9.10,236,1,13,6,2,258,0,0
2024.9.11,250,0,10,9,2,271,1,0
2024.9.12,407,9,25,31,1,473,1,0
2024.9.13,953,15,63,84,4,"1,119",1,5
2024.9.14,933,8,125,68,11,"1,145",1,0
2024.9.15,906,18,164,45,6,"1,139",1,5
2024.9.16,352,3,49,31,3,438,1,0
2024.9.17,676,7,25,45,6,759,0,0
2024.9.18,743,9,54,29,5,840,1,0
2024.9.19,607,5,46,9,4,671,1,0
2024.9.20,0,0,0,0,0,0,0,0
2024.9.21,0,0,0,0,0,0,0,0
2024.9.22,889,3,80,14,1,987,1,0
2024.9.23,725,9,41,9,6,790,0,1
2024.9.24,738,1,29,3,32,803,1,0
2024.9.25,707,0,23,32,3,765,0,0
2024.9.26,709,4,22,37,3,775,0,0
2024.9.27,868,88,194,8,8,"1,166",1,0
2024.9.28,522,5,17,34,1,579,0,1
2024.9.29,613,5,21,18,1,658,2,1
2024.9.30,722,13,38,29,13,815,1,0
2024.10.1,618,9,35,18,6,686,0,0
2024.10.2,917,12,124,44,2,"1,099",0,0
2024.10.4,"1,609",14,253,47,6,"1,929",0,0
2024.10.5,633,9,26,19,6,693,1,0
2024.10.6,663,3,20,10,2,698,1,0
2024.10.7,418,0,27,5,3,453,0,0
2024.10.8,596,3,28,9,166,802,0,0
2024.10.9,637,10,51,10,8,716,0,0
2024.10.10,550,5,59,6,4,624,0,0
2024.10.11,831,6,131,13,4,985,1,0
2024.10.12,464,12,32,21,3,532,0,0
2024.10.13,581,12,32,11,1,637,1,0
2024.10.14,926,3,38,13,12,992,0,0
2024.10.15,445,1,41,3,8,498,0,0
2024.10.16,555,8,25,12,3,603,1,0
2024.10.17,514,2,37,19,2,574,1,0
2024.10.18,633,2,139,11,7,792,0,0
2024.10.19,0,0,0,0,0,0,0,0
2024.10.20,862,4,36,9,5,916,2,1
2024.10.21,802,1,43,6,9,861,2,0
2024.10.22,497,2,39,16,5,559,0,0
2024.10.23,594,5,35,11,2,647,1,0
2024.10.24,838,5,36,15,11,905,1,0
2024.10.25,988,2,162,9,9,"1,170",1,1
2024.10.26,531,1,28,8,6,574,0,0
2024.10.27,528,5,41,10,7,591,2,0
2024.10.28,627,5,30,9,17,688,2,0
2024.10.29,383,4,25,7,3,422,0,0
2024.10.30,598,1,16,17,4,636,0,2
2024.10.31,434,3,39,10,2,488,0,0
2024.11.1,816,13,140,10,20,999,0,0
2024.11.2,401,8,21,37,0,467,0,0
2024.11.3,601,4,20,7,8,640,1,0
2024.11.4,553,2,33,3,6,597,0,0
2024.11.5,512,2,17,0,92,623,0,0
2024.11.6,453,0,12,4,2,471,0,2
2024.11.7,546,5,21,5,4,581,1,0
2024.11.8,705,5,99,13,12,834,0,0
2024.11.9,254,2,17,5,2,280,1,0
2024.11.10,530,2,25,9,4,570,1,0
2024.11.11,413,0,11,3,10,437,0,0
2024.11.12,227,4,21,1,4,257,0,0
2024.11.13,433,4,17,7,10,471,0,0
2024.11.14,367,3,13,7,12,402,0,0
2024.11.15,690,6,111,2,8,817,0,0
2024.11.16,537,4,22,16,55,634,2,0
2024.11.17,0,0,0,0,0,0,0,0
2024.11.18,655,0,29,11,2,697,1,0
2024.11.19,383,0,13,6,7,409,1,0
2024.11.20,323,2,40,4,3,372,1,0
2024.11.21,356,1,15,4,2,378,0,0
2024.11.22,558,5,26,7,18,614,0,0
2024.11.23,227,3,5,4,1,240,1,0
2024.11.24,503,3,25,10,4,545,1,0
2024.11.25,0,0,0,0,0,0,0,0
2024.11.26,0,0,0,0,0,0,0,0
2024.11.28,654,4,44,10,3,715,1,0
2024.11.29,0,0,0,0,0,0,0,0
2024.11.30,674,0,25,7,39,745,1,0
2024.12.1,358,4,34,5,11,412,1,0
2024.12.2,385,4,41,7,3,440,0,0
2024.12.3,318,4,36,3,2,363,1,0
2024.12.4,324,4,18,4,17,367,0,0
2024.12.5,0,0,0,0,0,0,0,0
2024.12.6,501,0,51,12,8,572,2,0
2024.12.7,206,0,7,2,2,217,0,0
2024.12.8,512,2,15,14,3,546,1,0
2024.12.24,449,3,13,10,34,509,2,1
2024.12.27,628,4,12,7,63,714,2,0
2024.12.28,233,2,27,6,4,272,0,0
2024.12.29,465,7,23,14,3,512,0,0
2024.12.30,0,0,0,0,0,0,0,0
2025.1.1,"1,427",6,41,14,64,"1,552",1,8
2025.1.2,218,0,11,1,6,236,1,0
2025.1.3,375,5,7,5,63,455,1,0
2025.1.4,182,1,11,5,3,202,0,0
2025.1.5,359,8,17,4,2,390,2,0
2025.1.6,0,0,0,0,0,0,0,0
2025.1.7,0,0,0,0,0,0,0,0
2025.1.8,0,0,0,0,0,0,0,0
2025.1.9,0,0,0,0,0,0,0,0
2025.1.10,557,9,26,7,4,603,0,0
2025.1.11,287,0,13,6,3,309,2,0
2025.1.12,214,6,10,8,7,245,1,0
2025.1.13,360,10,37,8,3,418,0,0
2025.1.14,374,2,21,1,2,400,0,0
2025.1.15,254,1,20,1,3,279,0,0
2025.1.16,415,2,10,1,7,435,0,0
2025.1.17,325,5,15,3,46,394,1,0
2025.1.18,266,6,10,4,24,310,0,0
2025.1.19,386,2,16,1,4,409,0,0
2025.1.20,267,0,21,1,1,290,0,0
2025.1.21,217,2,19,2,2,242,1,0
2025.1.23,349,25,14,12,10,410,1,0
2025.1.24,350,3,20,20,34,427,0,0
2025.1.25,519,11,13,18,4,565,0,0
2025.1.26,312,7,4,10,2,335,1,0
2025.1.27,0,0,0,0,0,0,0,0
2025.1.28,0,0,0,0,0,0,0,0
2025.1.29,0,0,0,0,0,0,0,0
2025.1.30,845,20,45,41,6,957,5,0
2025.1.31,571,16,70,16,12,685,1,0
2025.2.1,621,5,42,17,6,691,0,0
2025.2.2,481,3,45,11,7,547,2,0
2025.2.3,0,0,0,0,0,0,0,0
2025.2.4,0,0,0,0,0,0,0,0
2025.2.5,0,0,0,0,0,0,0,0
2025.2.6,460,1,43,2,7,513,1,0
2025.2.7,0,0,0,0,0,0,0,0
2025.2.8,217,3,31,3,4,258,0,0
2025.2.9,281,3,19,6,3,312,0,0
2025.2.10,385,5,35,7,8,440,0,0
2025.2.11,303,2,30,4,8,347,1,0
2025.2.12,210,10,48,4,8,280,0,0
2025.2.13,252,8,9,22,5,296,0,0
2025.2.14,389,6,52,11,15,473,1,0
2025.2.15,462,4,26,5,9,506,1,0
2025.2.16,0,0,0,0,0,0,0,0
2025.2.17,372,3,19,8,5,407,1,0
2025.2.18,341,7,20,11,9,388,0,0
2025.2.20,666,6,47,18,15,752,2,0
2025.2.21,532,4,15,5,13,569,0,0
2025.2.22,358,1,34,4,4,401,1,0
2025.2.23,467,17,22,13,3,522,2,0
2025.2.24,460,3,47,14,5,529,1,0
2025.2.25,354,8,31,11,3,407,2,0
2025.2.26,484,9,39,12,5,549,2,0
2025.2.27,918,6,47,37,19,"1,027",2,0
2025.2.28,"1,058",4,58,30,13,"1,163",2,0
2025.3.1,"1,029",16,28,19,28,"1,120",1,0
2025.3.2,191,0,24,9,2,226,0,0
2025.3.3,0,0,0,0,0,0,0,0
2025.3.4,0,0,0,0,0,0,0,0
2025.3.5,493,0,33,5,6,537,0,0
2025.3.6,298,0,27,3,5,333,0,0
2025.3.7,500,1,40,5,4,550,0,0
2025.3.8,246,1,17,2,7,273,0,0
2025.3.9,458,0,27,4,10,499,0,0
2025.3.10,477,0,43,6,4,530,0,0
2025.3.11,295,0,27,0,5,327,0,0
2025.3.12,313,0,10,0,5,328,0,0
2025.3.13,298,2,10,1,5,316,1,0
2025.3.14,451,6,15,8,9,489,0,0
2025.3.15,376,1,14,1,6,398,1,0
2025.3.16,0,0,0,0,0,0,0,0
2025.3.17,673,1,30,5,8,717,3,0
2025.3.18,0,0,0,0,0,0,0,0
2025.3.19,416,1,31,2,6,456,0,0
2025.3.20,359,0,30,1,7,397,0,0
2025.3.21,569,4,13,4,16,606,0,0
2025.3.22,494,1,5,4,2,506,0,0
2025.3.23,555,3,32,15,4,609,0,0
2025.3.24,534,1,41,5,4,585,1,0
2025.3.25,339,0,26,6,4,375,0,0
2025.3.26,449,0,29,1,9,488,0,0
2025.3.27,441,1,36,10,12,500,0,0
2025.3.28,806,7,31,8,16,868,1,0
2025.3.29,259,4,16,7,7,293,0,1
2025.3.30,560,6,28,6,10,610,0,0
2025.3.31,631,0,54,7,4,696,0,0
2025.4.1,790,0,50,2,11,853,0,0
2025.4.2,216,0,40,2,6,264,0,0
2025.4.3,410,3,48,15,7,483,0,0
2025.4.4,835,4,232,13,9,"1,093",1,0
2025.4.5,644,25,51,13,1,734,0,0
2025.4.6,553,9,59,9,8,638,2,0
2025.4.7,737,4,73,3,9,826,2,0
2025.4.8,456,2,56,2,18,534,0,0
2025.4.9,544,1,56,2,3,606,0,0
2025.4.10,586,0,58,10,4,658,0,0
2025.4.11,844,5,312,4,5,"1,170",0,3
2025.4.12,0,0,0,0,0,0,0,0
2025.4.13,294,11,36,3,1,345,2,0
2025.4.14,886,7,92,15,5,"1,005",0,0
2025.4.15,441,1,56,0,3,501,0,0
2025.4.16,572,1,58,10,11,652,1,0
2025.4.17,745,2,73,12,1,833,0,0
2025.4.18,955,2,202,7,4,"1,170",1,5
2025.4.19,682,8,36,13,3,742,1,0
2025.4.20,785,4,74,7,9,879,0,0
2025.4.21,"1,018",1,67,4,23,"1,113",1,0
2025.4.22,879,0,61,5,15,960,0,0
2025.4.23,647,5,68,6,3,729,0,0
2025.4.24,796,2,66,8,5,877,0,0
2025.4.25,883,1,273,8,5,"1,170",0,0
2025.4.26,834,1,60,11,1,907,2,0
2025.4.27,981,7,69,2,4,"1,063",1,0
2025.4.28,926,26,101,9,4,"1,066",1,0
2025.4.29,493,0,82,10,103,688,0,0
2025.4.30,"1,023",14,72,55,6,"1,170",1,2
2025.5.1,"1,010",12,89,44,1,"1,156",2,0
2025.5.2,951,19,146,47,7,"1,170",0,1
2025.5.3,874,12,239,31,2,"1,158",2,0
2025.5.4,982,26,70,44,4,"1,126",1,0
2025.5.5,630,16,63,26,2,737,2,0
2025.5.6,771,29,96,29,2,927,1,0
2025.5.7,547,2,51,6,5,611,2,0
2025.5.8,662,2,66,11,6,747,0,0
2025.5.9,834,0,289,2,5,"1,130",0,0
2025.5.10,817,3,44,12,1,877,0,0
2025.5.11,917,7,105,10,21,"1,060",1,0
2025.5.12,919,5,86,10,3,"1,023",0,0
2025.5.13,759,8,61,17,1,846,0,0
2025.5.14,705,4,65,13,1,788,0,0
2025.5.15,766,2,64,13,9,854,0,0
2025.5.16,932,5,161,6,7,"1,111",0,0
2025.5.17,631,9,63,21,1,725,0,0
2025.5.18,912,10,66,24,26,"1,038",0,0
2025.5.19,"1,057",4,76,6,6,"1,149",0,0
2025.5.20,941,2,95,18,13,"1,069",0,0
2025.5.21,764,2,49,22,5,842,0,0
2025.5.22,736,16,82,31,2,867,0,0
2025.5.23,851,1,298,7,8,"1,165",0,0
2025.5.24,801,23,57,16,3,900,1,0
2025.5.25,979,3,76,6,17,"1,081",0,0
2025.5.26,927,4,71,17,9,"1,028",2,0
2025.5.27,906,2,83,22,8,"1,021",1,0
2025.5.28,653,2,94,19,13,781,1,0
2025.5.29,728,11,73,71,1,884,1,0
2025.5.30,813,14,265,23,8,"1,123",1,0
2025.5.31,883,18,63,46,5,"1,015",1,0
2025.6.1,550,8,66,13,8,645,0,0
2025.6.2,686,4,73,16,5,784,0,0
2025.6.3,480,4,46,21,2,553,1,0
2025.6.4,917,16,83,25,1,"1,042",2,0
2025.6.5,"1,035",2,103,30,0,"1,170",0,2
2025.6.6,822,5,186,16,13,"1,042",0,0
2025.6.7,710,22,71,34,6,843,1,0
2025.6.8,767,11,95,15,10,898,0,0
2025.6.9,908,1,89,8,7,"1,013",0,0
2025.6.10,975,4,95,10,7,"1,091",1,0
2025.6.12,"1,454",7,141,25,11,"1,638",1,0
2025.6.13,896,2,238,8,2,"1,146",0,0
2025.6.14,501,143,66,13,1,724,0,0
2025.6.15,0,0,0,0,0,0,0,0
2025.6.16,964,6,99,14,7,"1,090",0,0
2025.6.17,754,2,52,2,7,817,0,0
2025.6.18,631,1,65,30,7,734,1,0
2025.6.19,637,3,56,42,9,747,1,0
2025.6.21,"1,119",15,231,71,8,"1,444",0,0
2025.6.22,624,14,60,15,4,717,0,0
2025.6.23,864,4,73,10,12,963,0,0
2025.6.24,505,1,70,14,7,597,1,0
2025.6.25,660,1,64,11,7,743,0,0
2025.6.26,667,1,64,10,9,751,1,0
2025.6.27,641,24,142,23,7,837,0,0
2025.6.28,351,9,52,21,1,434,0,0
2025.6.29,449,3,48,6,6,512,1,0
2025.6.30,392,3,75,6,2,478,0,0
2025.7.3,688,9,95,20,9,821,3,0
2025.7.4,"1,000",7,65,19,9,"1,100",0,0
2025.7.5,293,5,32,10,1,341,1,0
2025.7.6,700,5,47,5,11,768,1,0
2025.7.7,562,5,65,12,20,664,0,0
2025.7.8,454,2,69,6,12,543,0,0
2025.7.9,470,7,54,4,7,542,0,0
2025.7.10,528,16,63,20,9,636,0,0
2025.7.11,919,7,61,6,7,"1,000",0,0
2025.7.12,390,32,23,7,4,456,0,0
2025.7.13,530,10,40,16,5,601,3,0
2025.7.14,0,0,0,0,0,0,0,0
2025.7.15,716,6,77,7,13,819,1,0
2025.7.16,327,10,40,7,10,394,0,0
2025.7.17,637,9,71,10,5,732,0,0
2025.7.18,818,33,58,77,20,"1,006",1,0
2025.7.19,486,22,38,19,4,569,0,0
2025.7.20,602,26,58,34,24,744,0,0
2025.7.21,801,12,94,16,12,935,2,0
2025.7.22,612,18,60,16,9,715,0,0
2025.7.23,789,39,77,35,7,947,1,0
2025.7.24,812,18,61,50,5,946,2,0
2025.7.25,933,34,119,76,8,"1,170",1,0
2025.7.26,904,48,105,82,3,"1,142",1,0
2025.7.27,961,28,88,91,2,"1,170",1,0
2025.7.28,917,29,150,70,4,"1,170",1,0
2025.7.29,888,43,115,96,11,"1,153",3,0
2025.7.30,914,33,126,74,5,"1,152",2,0
2025.7.31,932,32,97,78,2,"1,141",1,0
2025.8.1,929,43,113,45,1,"1,131",0,0
2025.8.2,933,50,67,82,1,"1,133",1,0
2025.8.3,982,40,54,64,4,"1,144",1,0
2025.8.4,925,22,86,43,6,"1,082",0,0
2025.8.5,809,25,72,38,5,949,1,0
2025.8.6,870,25,55,49,9,"1,008",0,0
2025.8.7,782,54,55,49,5,945,0,0
2025.8.8,775,47,65,43,15,945,1,0
2025.8.9,489,43,45,32,3,612,0,0
2025.8.10,708,35,45,42,4,834,1,0
2025.8.11,663,10,73,28,5,779,0,0
2025.8.12,676,20,50,39,10,795,0,0
2025.8.13,"1,045",9,51,59,6,"1,170",1,0
2025.8.14,944,14,160,44,8,"1,170",0,3
2025.8.15,831,6,181,37,12,"1,067",1,0
2025.8.16,639,11,48,32,4,734,0,0
2025.8.17,794,17,60,25,12,908,1,0
2025.8.18,553,14,39,8,9,623,0,0
2025.8.19,317,6,65,12,6,406,0,0
2025.8.20,477,3,69,7,8,564,0,0
2025.8.21,667,6,51,14,4,742,2,0
2025.8.22,842,10,112,26,14,"1,004",1,0
2025.8.23,324,7,37,13,16,397,0,0
2025.8.24,542,7,54,11,8,622,1,0
2025.8.25,536,3,73,8,13,633,0,0
2025.8.26,524,3,49,5,11,592,0,0
2025.8.27,558,11,72,14,19,674,0,0
2025.8.28,792,3,75,23,6,899,2,0
2025.8.29,741,10,91,17,16,875,0,0
2025.8.30,274,9,39,8,6,336,0,0
2025.8.31,567,8,66,12,4,657,1,0
2025.9.1,0,0,0,0,0,0,0,0
2025.9.3,"1,073",8,63,11,8,"1,163",2,0
2025.9.4,770,2,88,17,7,884,0,0
2025.9.5,"1,110",1,48,5,6,"1,170",1,2
2025.9.6,523,13,36,13,22,607,0,0
2025.9.7,651,19,49,17,16,752,1,0
2025.9.8,754,4,60,7,5,830,2,0
2025.9.9,482,4,59,6,7,558,0,0
2025.9.10,691,1,47,12,14,765,1,0
2025.9.11,964,1,40,66,16,"1,087",0,0
2025.9.12,"1,025",0,79,16,7,"1,127",1,0
2025.9.13,632,11,46,12,2,703,2,0
2025.9.14,788,19,69,21,4,901,2,0
2025.9.15,909,3,95,7,15,"1,029",1,0
2025.9.16,534,15,58,3,12,622,1,0
2025.9.17,867,4,50,15,35,971,0,0
2025.9.18,828,1,64,28,6,927,0,0
2025.9.19,"1,002",52,61,16,16,"1,147",1,0
2025.9.20,739,7,83,11,9,849,0,0
2025.9.21,708,7,64,11,3,793,0,0
2025.9.22,718,3,69,3,8,801,0,0
2025.9.23,593,1,48,3,6,651,0,0
2025.9.24,616,0,31,23,3,673,0,0